{
  "config": {
    "train_schedule": "cosine",
    "fit_stride": 50,
    "huber_delta": 0.01,
    "maxiter": 200,
    "mpl_chunk_size": 256
  },
  "momentum": {
    "L0": 2.3622181892395018,
    "A": 0.5,
    "C": 10.0,
    "alpha": 0.5
  },
  "mpl": {
    "L0": 2.563456880962548,
    "A": 1.2439324296602678,
    "alpha": 0.6271057833311738,
    "B": 500.10391771757304,
    "C": 1.8902626835006593e-06,
    "beta": 0.44216629243163375,
    "gamma": 1.5052660719002713
  }
}