{
  "model": "L(s) = L0 + A * S1(s)^(-alpha) - C * S2(s)",
  "fits": [
    {
      "sample_end": 2000,
      "params": {
        "L0": 3.0469600376946913,
        "A": 0.8303012674728139,
        "C": 0.0,
        "alpha": 1.4466019288695473
      },
      "objective_value": 0.00450789445381755,
      "metrics": [
        {
          "sample_end": 2000,
          "run": "cosine",
          "full_run_name": "M:100M_gpt_D:20B_scheduler:cosine_rope",
          "eval_scope": "unseen_after_sample_end",
          "n_train_points": 501,
          "n_eval_points": 31906,
          "eval_step_start": 2001,
          "eval_step_end": 33907,
          "L0": 3.0469600376946913,
          "A": 0.8303012674728139,
          "C": 0.0,
          "alpha": 1.4466019288695473,
          "mae": 0.2787694457292956,
          "mse": 0.08754379791663665,
          "r2": -3.6971020816145304,
          "endpoint_true": 2.646177291870117,
          "endpoint_pred": 3.059013187170922,
          "endpoint_diff": 0.4128358953008049,
          "endpoint_abs_diff": 0.4128358953008049
        }
      ],
      "matches_reference_code": false
    },
    {
      "sample_end": 4000,
      "params": {
        "L0": 2.660584419130355,
        "A": 1.1974482666626451,
        "C": 0.0,
        "alpha": 0.8310220971139665
      },
      "objective_value": 0.014435629594383426,
      "metrics": [
        {
          "sample_end": 4000,
          "run": "cosine",
          "full_run_name": "M:100M_gpt_D:20B_scheduler:cosine_rope",
          "eval_scope": "unseen_after_sample_end",
          "n_train_points": 1501,
          "n_eval_points": 29906,
          "eval_step_start": 4001,
          "eval_step_end": 33907,
          "L0": 2.660584419130355,
          "A": 1.1974482666626451,
          "C": 0.0,
          "alpha": 0.8310220971139665,
          "mae": 0.052899546856006195,
          "mse": 0.00434513885928202,
          "r2": 0.5848983353283317,
          "endpoint_true": 2.646177291870117,
          "endpoint_pred": 2.765856340005107,
          "endpoint_diff": 0.11967904813498986,
          "endpoint_abs_diff": 0.11967904813498986
        }
      ],
      "matches_reference_code": false
    },
    {
      "sample_end": 6000,
      "params": {
        "L0": 2.7137458322944354,
        "A": 1.1519517371352557,
        "C": 0.0,
        "alpha": 0.8996167735276873
      },
      "objective_value": 0.02476254140589198,
      "metrics": [
        {
          "sample_end": 6000,
          "run": "cosine",
          "full_run_name": "M:100M_gpt_D:20B_scheduler:cosine_rope",
          "eval_scope": "unseen_after_sample_end",
          "n_train_points": 2501,
          "n_eval_points": 27906,
          "eval_step_start": 6001,
          "eval_step_end": 33907,
          "L0": 2.7137458322944354,
          "A": 1.1519517371352557,
          "C": 0.0,
          "alpha": 0.8996167735276873,
          "mae": 0.07092100346495,
          "mse": 0.0074579314644481415,
          "r2": 0.0194303294288114,
          "endpoint_true": 2.646177291870117,
          "endpoint_pred": 2.7966029367482528,
          "endpoint_diff": 0.1504256448781356,
          "endpoint_abs_diff": 0.1504256448781356
        }
      ],
      "matches_reference_code": false
    },
    {
      "sample_end": 8000,
      "params": {
        "L0": 2.719406265032522,
        "A": 1.147691086341256,
        "C": 0.0,
        "alpha": 0.9087860698671234
      },
      "objective_value": 0.03510189388216844,
      "metrics": [
        {
          "sample_end": 8000,
          "run": "cosine",
          "full_run_name": "M:100M_gpt_D:20B_scheduler:cosine_rope",
          "eval_scope": "unseen_after_sample_end",
          "n_train_points": 3501,
          "n_eval_points": 25906,
          "eval_step_start": 8001,
          "eval_step_end": 33907,
          "L0": 2.719406265032522,
          "A": 1.147691086341256,
          "C": 0.0,
          "alpha": 0.9087860698671234,
          "mae": 0.07609750157463252,
          "mse": 0.008319671317918368,
          "r2": -0.3873597809868248,
          "endpoint_true": 2.646177291870117,
          "endpoint_pred": 2.799771726809605,
          "endpoint_diff": 0.153594434939488,
          "endpoint_abs_diff": 0.153594434939488
        }
      ],
      "matches_reference_code": false
    },
    {
      "sample_end": 10000,
      "params": {
        "L0": 2.7337405617822266,
        "A": 1.134633879833108,
        "C": 0.09344558457869766,
        "alpha": 0.9269666819543182
      },
      "objective_value": 0.04616630872146365,
      "metrics": [
        {
          "sample_end": 10000,
          "run": "cosine",
          "full_run_name": "M:100M_gpt_D:20B_scheduler:cosine_rope",
          "eval_scope": "unseen_after_sample_end",
          "n_train_points": 4501,
          "n_eval_points": 23906,
          "eval_step_start": 10001,
          "eval_step_end": 33907,
          "L0": 2.7337405617822266,
          "A": 1.134633879833108,
          "C": 0.09344558457869766,
          "alpha": 0.9269666819543182,
          "mae": 0.0427736419997666,
          "mse": 0.0028205523239789535,
          "r2": 0.4231271541846593,
          "endpoint_true": 2.646177291870117,
          "endpoint_pred": 2.725332275292043,
          "endpoint_diff": 0.07915498342192562,
          "endpoint_abs_diff": 0.07915498342192562
        }
      ],
      "matches_reference_code": false
    },
    {
      "sample_end": 12000,
      "params": {
        "L0": 2.7348543726819154,
        "A": 1.1335979055669798,
        "C": 0.101481327540964,
        "alpha": 0.9283587522455277
      },
      "objective_value": 0.056811814533057,
      "metrics": [
        {
          "sample_end": 12000,
          "run": "cosine",
          "full_run_name": "M:100M_gpt_D:20B_scheduler:cosine_rope",
          "eval_scope": "unseen_after_sample_end",
          "n_train_points": 5501,
          "n_eval_points": 21906,
          "eval_step_start": 12001,
          "eval_step_end": 33907,
          "L0": 2.7348543726819154,
          "A": 1.1335979055669798,
          "C": 0.101481327540964,
          "alpha": 0.9283587522455277,
          "mae": 0.041280842376965,
          "mse": 0.002628649207613753,
          "r2": 0.3589768557722248,
          "endpoint_true": 2.646177291870117,
          "endpoint_pred": 2.718869934531626,
          "endpoint_diff": 0.07269264266150888,
          "endpoint_abs_diff": 0.07269264266150888
        }
      ],
      "matches_reference_code": false
    },
    {
      "sample_end": 14000,
      "params": {
        "L0": 2.7426616755597384,
        "A": 1.1272478472549665,
        "C": 0.13031789087495463,
        "alpha": 0.9405616655757919
      },
      "objective_value": 0.06780660604060797,
      "metrics": [
        {
          "sample_end": 14000,
          "run": "cosine",
          "full_run_name": "M:100M_gpt_D:20B_scheduler:cosine_rope",
          "eval_scope": "unseen_after_sample_end",
          "n_train_points": 6501,
          "n_eval_points": 19906,
          "eval_step_start": 14001,
          "eval_step_end": 33907,
          "L0": 2.7426616755597384,
          "A": 1.1272478472549665,
          "C": 0.13031789087495463,
          "alpha": 0.9405616655757919,
          "mae": 0.03520132485949758,
          "mse": 0.001946233726078857,
          "r2": 0.43717805465544757,
          "endpoint_true": 2.646177291870117,
          "endpoint_pred": 2.6978003127647425,
          "endpoint_diff": 0.05162302089462534,
          "endpoint_abs_diff": 0.05162302089462534
        }
      ],
      "matches_reference_code": false
    },
    {
      "sample_end": 16000,
      "params": {
        "L0": 2.7424878806933934,
        "A": 1.1273265976691405,
        "C": 0.1306289511878159,
        "alpha": 0.9401542146683204
      },
      "objective_value": 0.07887238336750058,
      "metrics": [
        {
          "sample_end": 16000,
          "run": "cosine",