{
  "model": "L(s) = L0 + A * S1(s)^(-alpha) - C * S2(s)",
  "fits": [
    {
      "sample_end": 33907,
      "params": {
        "L0": 2.775526528595162,
        "A": 1.1022057540866081,
        "C": 0.18095410516840618,
        "alpha": 1.007070829487172
      },
      "objective_value": 0.3602291002383668,
      "metrics": [
        {
          "sample_end": 33907,
          "run": "cosine",
          "full_run_name": "M:100M_gpt_D:20B_scheduler:cosine_rope",
          "eval_scope": "sampled_steps_cross_run (no unseen steps)",
          "n_train_points": 32908,
          "n_eval_points": 32908,
          "eval_step_start": 1000,
          "eval_step_end": 33907,
          "L0": 2.775526528595162,
          "A": 1.1022057540866081,
          "C": 0.18095410516840618,
          "alpha": 1.007070829487172,
          "mae": 0.03222419146683912,
          "mse": 0.0016249237371965001,
          "r2": 0.953200819962247,
          "endpoint_true": 2.646177291870117,
          "endpoint_pred": 2.6712511708562454,
          "endpoint_diff": 0.02507387898612823,
          "endpoint_abs_diff": 0.02507387898612823
        },
        {
          "sample_end": 33907,
          "run": "wsd",
          "full_run_name": "M:100M_gpt_D:20B_scheduler:wsd_rope",
          "eval_scope": "sampled_steps_cross_run",
          "n_train_points": 0,
          "n_eval_points": 32908,
          "eval_step_start": 1000,
          "eval_step_end": 33907,
          "L0": 2.775526528595162,
          "A": 1.1022057540866081,
          "C": 0.18095410516840618,
          "alpha": 1.007070829487172,
          "mae": 0.03784425393486444,
          "mse": 0.0022451492103189494,
          "r2": 0.9256687965647892,
          "endpoint_true": 2.6357319355010986,
          "endpoint_pred": 2.6579919927537694,
          "endpoint_diff": 0.022260057252670773,
          "endpoint_abs_diff": 0.022260057252670773
        }
      ],
      "matches_reference_code": false
    }
  ],
  "fit_runs": [
    "cosine"
  ],
  "eval_runs": [
    "cosine",
    "wsd"
  ],
  "data_path": "loss curves\\gpt_loss+lrs.pkl",
  "output_dir": "results\\reproduction\\momentum",
  "sampling": {
    "sample_start": 1000,
    "sample_ends": [
      33907
    ],
    "sample_interval": 1,
    "auto_sample_end": true
  },
  "decay_factor": 0.999,
  "huber_delta": 0.001,
  "ema_span": 99,
  "initialization": {
    "L0": "np.linspace(0.1, 2.1, 2)",
    "A": "np.linspace(1, 22, 3)",
    "C": "np.linspace(1, 22, 3)",
    "alpha": "np.linspace(0, 0.8, 3)"
  },
  "optimizer": {
    "method": "L-BFGS-B",
    "bounds": "(0, inf) for L0, A, C, alpha",
    "maxiter": 100000,
    "ftol": 1e-09,
    "gtol": 1e-06,
    "eps": 1e-08
  }
}