{
  "model": "L(s) = L0 + A * S1(s)^(-alpha) - C * S2(s)",
  "fits": [
    {
      "sample_end": 2000,
      "params": {
        "L0": 3.017224260351516,
        "A": 0.8525200526429929,
        "C": 0.0,
        "alpha": 1.371812162057032
      },
      "objective_value": 0.00927312626828071,
      "metrics": [
        {
          "sample_end": 2000,
          "run": "cosine",
          "full_run_name": "M:100M_gpt_D:20B_scheduler:cosine_rope",
          "eval_scope": "unseen_after_sample_end",
          "n_train_points": 1001,
          "n_eval_points": 31907,
          "eval_step_start": 2001,
          "eval_step_end": 33907,
          "L0": 3.017224260351516,
          "A": 0.8525200526429929,
          "C": 0.0,
          "alpha": 1.371812162057032,
          "mae": 0.2554229194752446,
          "mse": 0.07433159467471263,
          "r2": -2.988277296797662,
          "endpoint_true": 2.646177291870117,
          "endpoint_pred": 3.0326267557465982,
          "endpoint_diff": 0.38644946387648105,
          "endpoint_abs_diff": 0.38644946387648105
        }
      ],
      "matches_reference_code": false
    },
    {
      "sample_end": 4000,
      "params": {
        "L0": 2.674775441765131,
        "A": 1.180311324122443,
        "C": 0.0,
        "alpha": 0.8487583090518138
      },
      "objective_value": 0.029133363264099287,
      "metrics": [
        {
          "sample_end": 4000,
          "run": "cosine",
          "full_run_name": "M:100M_gpt_D:20B_scheduler:cosine_rope",
          "eval_scope": "unseen_after_sample_end",
          "n_train_points": 3001,
          "n_eval_points": 29907,
          "eval_step_start": 4001,
          "eval_step_end": 33907,
          "L0": 2.674775441765131,
          "A": 1.180311324122443,
          "C": 0.0,
          "alpha": 0.8487583090518138,
          "mae": 0.0561161302240765,
          "mse": 0.004879839935945795,
          "r2": 0.5338086577005035,
          "endpoint_true": 2.646177291870117,
          "endpoint_pred": 2.7732919956543145,
          "endpoint_diff": 0.1271147037841973,
          "endpoint_abs_diff": 0.1271147037841973
        }
      ],
      "matches_reference_code": false
    },
    {
      "sample_end": 6000,
      "params": {
        "L0": 2.7254099912391285,
        "A": 1.13695235496494,
        "C": 0.0,
        "alpha": 0.9169067746326568
      },
      "objective_value": 0.04997829155732741,
      "metrics": [
        {
          "sample_end": 6000,
          "run": "cosine",
          "full_run_name": "M:100M_gpt_D:20B_scheduler:cosine_rope",
          "eval_scope": "unseen_after_sample_end",
          "n_train_points": 5001,
          "n_eval_points": 27907,
          "eval_step_start": 6001,
          "eval_step_end": 33907,
          "L0": 2.7254099912391285,
          "A": 1.13695235496494,
          "C": 0.0,
          "alpha": 0.9169067746326568,
          "mae": 0.07509552639983762,
          "mse": 0.008258922374449081,
          "r2": -0.08590783474915553,
          "endpoint_true": 2.646177291870117,
          "endpoint_pred": 2.8031529459929883,
          "endpoint_diff": 0.15697565412287107,
          "endpoint_abs_diff": 0.15697565412287107
        }
      ],
      "matches_reference_code": false
    },
    {
      "sample_end": 8000,
      "params": {
        "L0": 2.724584008091441,
        "A": 1.1376509718568084,
        "C": 0.0,
        "alpha": 0.9156955697403393
      },
      "objective_value": 0.0708052441842742,
      "metrics": [
        {
          "sample_end": 8000,
          "run": "cosine",
          "full_run_name": "M:100M_gpt_D:20B_scheduler:cosine_rope",
          "eval_scope": "unseen_after_sample_end",
          "n_train_points": 7001,
          "n_eval_points": 25907,
          "eval_step_start": 8001,
          "eval_step_end": 33907,
          "L0": 2.724584008091441,
          "A": 1.1376509718568084,
          "C": 0.0,
          "alpha": 0.9156955697403393,
          "mae": 0.0780769003770811,
          "mse": 0.0087027609509132,
          "r2": -0.45128185091818596,
          "endpoint_true": 2.646177291870117,
          "endpoint_pred": 2.802650893843401,
          "endpoint_diff": 0.15647360197328375,
          "endpoint_abs_diff": 0.15647360197328375
        }
      ],
      "matches_reference_code": false
    },
    {
      "sample_end": 10000,
      "params": {
        "L0": 2.7418336016213054,
        "A": 1.1226420337362206,
        "C": 0.1041148121452506,
        "alpha": 0.939193172737409
      },
      "objective_value": 0.09292297485534157,
      "metrics": [
        {
          "sample_end": 10000,
          "run": "cosine",
          "full_run_name": "M:100M_gpt_D:20B_scheduler:cosine_rope",
          "eval_scope": "unseen_after_sample_end",
          "n_train_points": 9001,
          "n_eval_points": 23907,
          "eval_step_start": 10001,
          "eval_step_end": 33907,
          "L0": 2.7418336016213054,
          "A": 1.1226420337362206,
          "C": 0.1041148121452506,
          "alpha": 0.939193172737409,
          "mae": 0.04123230428096898,
          "mse": 0.0026317251734624715,
          "r2": 0.46172907514879746,
          "endpoint_true": 2.646177291870117,
          "endpoint_pred": 2.720447107494635,
          "endpoint_diff": 0.07426981562451784,
          "endpoint_abs_diff": 0.07426981562451784
        }
      ],
      "matches_reference_code": false
    },
    {
      "sample_end": 12000,
      "params": {
        "L0": 2.746561674229763,
        "A": 1.1187395917244007,
        "C": 0.12750820489647016,
        "alpha": 0.9463095119011034
      },
      "objective_value": 0.11366062311047134,
      "metrics": [
        {
          "sample_end": 12000,
          "run": "cosine",
          "full_run_name": "M:100M_gpt_D:20B_scheduler:cosine_rope",
          "eval_scope": "unseen_after_sample_end",
          "n_train_points": 11001,
          "n_eval_points": 21907,
          "eval_step_start": 12001,
          "eval_step_end": 33907,
          "L0": 2.746561674229763,
          "A": 1.1187395917244007,
          "C": 0.12750820489647016,
          "alpha": 0.9463095119011034,
          "mae": 0.036182025482869744,
          "mse": 0.0020497395169985343,
          "r2": 0.5001298281564217,
          "endpoint_true": 2.646177291870117,
          "endpoint_pred": 2.702483804724067,
          "endpoint_diff": 0.05630651285394972,
          "endpoint_abs_diff": 0.05630651285394972
        }
      ],
      "matches_reference_code": false
    },
    {
      "sample_end": 14000,
      "params": {
        "L0": 2.7501718328371743,
        "A": 1.1159578491976863,
        "C": 0.14041286141101522,
        "alpha": 0.9522669688976956
      },
      "objective_value": 0.13552444696506608,
      "metrics": [
        {
          "sample_end": 14000,
          "run": "cosine",
          "full_run_name": "M:100M_gpt_D:20B_scheduler:cosine_rope",
          "eval_scope": "unseen_after_sample_end",
          "n_train_points": 13001,
          "n_eval_points": 19907,
          "eval_step_start": 14001,
          "eval_step_end": 33907,
          "L0": 2.7501718328371743,
          "A": 1.1159578491976863,
          "C": 0.14041286141101522,
          "alpha": 0.9522669688976956,
          "mae": 0.034249323023695745,
          "mse": 0.0018444474727764121,
          "r2": 0.46658765393788293,
          "endpoint_true": 2.646177291870117,
          "endpoint_pred": 2.6931447382585927,
          "endpoint_diff": 0.0469674463884755,
          "endpoint_abs_diff": 0.0469674463884755
        }
      ],
      "matches_reference_code": false
    },
    {
      "sample_end": 16000,
      "params": {
        "L0": 2.7512178922617876,
        "A": 1.115142345240337,
        "C": 0.14409295609615344,
        "alpha": 0.953991369630931
      },
      "objective_value": 0.1579835719372043,
      "metrics": [
        {
          "sample_end": 16000,
          "run": "cosine",